{
  "Sentence Reordering": [
    0.003084623959467181,
    0.00834695071496061,
    0.016230505079411928,
    0.007345572740105388,
    0.019936739460717057,
    0.01941811421078299,
    0.0012276142551521652,
    0.01704056497581341,
    0.01197396065849854,
    0.0024097662375532902
  ],
  "Shuffle Within Segments": [
    0.014133853315398848,
    0.012106912566815287,
    0.01841965832635506,
    0.020482647756504324,
    0.00983488018833234,
    0.008358612559386636,
    0.008527708044560267,
    0.007337435037946705,
    0.019700992914285287,
    0.023822008506881764
  ],
  "Hypernym Replacement": [
    0.0063094875815283835,
    0.012761586440091732,
    0.012753887436005917,
    0.03070480243361151,
    0.017004951105594635,
    0.023460494087517936,
    0.021702771524173436,
    0.017200390500153873,
    0.018200408886811514,
    0.010593519656996953
  ],
  "Hyponym Replacement": [
    0.021123929163228583,
    0.017439881661102663,
    0.013864616178878242,
    0.016241428340569408,
    0.012992463492807582,
    0.01666421798256512,
    0.016802583426983708,
    0.013184460005125964,
    0.0028625338048594573,
    0.010339278745659097
  ],
  "Synonym Substitution": [
    0.028348669116733505,
    0.01749809536997393,
    0.008473865928367741,
    0.00694461516363809,
    0.012835890014837426,
    0.01895781475307423,
    0.024643261413487716,
    0.005160284254517533,
    0.02722444486287423,
    0.026197013461349505
  ],
  "Back-Translation": [
    0.0009413086102119106,
    0.0058278387199792725,
    0.018236450119897607,
    0.00972333200961173,
    0.014199797034829986,
    -0.0012708836218000563,
    -0.007674354146601781,
    0.007829912104994285,
    0.01395943218872664,
    -0.0012441115173671413
  ],
  "Multi-Lingual Back-Translation": [
    0.007925551923078866,
    0.009434829875251793,
    0.009003426579142437,
    0.004532440378355651,
    0.006320981551808047,
    0.0025192259584145837,
    0.002983171081845759,
    0.011516450285409152,
    0.023654650857600323,
    0.02258437104272981
  ],
  "Transformer Fill": [
    0.02573181256472523,
    0.010013797267923064,
    0.014881357493036096,
    0.012496293634132294,
    0.005575561358014736,
    0.010814061188167523,
    0.012301312271477682,
    0.014161842391948065,
    0.011012376162908177,
    0.006643269712147126
  ],
  "Even Antonym Substitute": [
    -0.0017195617254197604,
    -0.0057380117575845935,
    -0.007878757644683043,
    0.007922083300176741,
    -0.0023756859485029036,
    0.010194034147276043,
    -0.0005621209476495137,
    0.004274397507294303,
    0.004469970599040418,
    0.0007191647313168348
  ],
  "Merge Documents": [
    0.01139474750407976,
    0.00978981651021582,
    0.008461686077200214,
    0.0028435488563901545,
    0.0186084079948291,
    0.0013085173534042038,
    0.007265725045663363,
    0.009246857661245889,
    0.010951645147686873,
    0.012405498340825938
  ],
  "Mention Replacement": [
    0.0076820515571656145,
    0.015656017878288297,
    0.008949740853696042,
    0.012561137496869379,
    0.02498552782614738,
    0.0125509308336198,
    0.016632114502631246,
    0.022635323073885605,
    0.004136276644392867,
    -0.0018627108833338957
  ],
  "Subsequence Substitution": [
    0.0064176169730583155,
    0.0036259930278496055,
    0.0004655195760380204,
    -0.002797642048815163,
    0.010653471633553901,
    0.0103943593742446,
    0.00037320702079279844,
    -0.0004112178672305289,
    -0.005558457495214775,
    0.007290398431617939
  ],
  "Uniform Oversampling": [
    0.004586905030354416,
    0.01130877791763607,
    0.004336152565222573,
    0.02216087216438767,
    0.014357424962193832,
    0.013683883897790294,
    0.005931836162547888,
    0.010509168126424329,
    0.008737000120406457,
    0.009258752272671922
  ],
  "Inverse Frequency Oversampling": [
    0.0021736640926880435,
    -0.001037803638039958,
    0.002307950169388895,
    -0.00021918309600277297,
    -0.0013959149038882401,
    -0.00434791928863254,
    0.014230129026497118,
    0.013026308747275395,
    0.0010641535317836848,
    0.013628893382305995
  ],
  "Random Deletion": [
    0.02222003744030654,
    0.015168062971999352,
    0.013859403910340462,
    0.013847068963893316,
    0.01011391418190577,
    0.014178754578596409,
    0.02094332049803005,
    0.021132901803798343,
    0.014344825557969565,
    -0.0004342719056313893
  ],
  "Filler Words": [
    -0.004728922496048282,
    -0.005704174211484059,
    0.0015048260855925477,
    0.0010522673409975036,
    0.013382680521285661,
    0.018149792411326637,
    -0.004953587492108502,
    0.018713996025161772,
    0.000608319450980277,
    -0.00019059839177204552
  ],
  "Random Insert": [
    0.015204237298224843,
    0.015415886838477943,
    0.007389679366585078,
    0.02026088033938045,
    0.014588591948383134,
    0.012281848598661771,
    0.02761611865461333,
    0.012840612039361377,
    0.014301293659722769,
    0.010597983165008706
  ],
  "Antonym Switch": [
    0.010932835347334802,
    0.01044670213878851,
    0.012819342975551096,
    0.003786508201526373,
    -0.005459837323630978,
    0.01104535374669291,
    0.0033561865183938666,
    0.01696141432326992,
    0.00580909380886685,
    0.022626987075749172
  ],
  "Auxiliary Negation Removal": [
    0.00736662661767995,
    0.011135271436309657,
    0.024716126992711307,
    0.00525219517948039,
    0.007350541109412023,
    0.0034293721749284467,
    0.021909630871917773,
    0.011564537183231138,
    0.009205667262402795,
    0.012467100515283103
  ],
  "Synonym Insertion": [
    0.006192457003082463,
    0.018200723758974635,
    -0.006007489076782724,
    0.015834597910386994,
    0.008475381848729202,
    0.01763598482196349,
    0.002832300699537882,
    0.003806038378709964,
    0.0021832282042669737,
    0.011753382645752875
  ],
  "Random Swap": [
    0.010058541044525415,
    0.019478233998652228,
    0.016335738766573238,
    0.006829140765047592,
    0.00908497605790104,
    0.014971828185018188,
    0.008602687646321328,
    0.002037205902328587,
    0.005717819620291942,
    0.005867874231728409
  ]
}