{"Synonym Substitution": {"mean": 0.01762839543388539, "std": 0.00841304226678445, "min": 0.005160284254517533, "max": 0.028348669116733505}, "Hypernym Replacement": {"mean": 0.017069229965248588, "std": 0.0066665775001428515, "min": 0.0063094875815283835, "max": 0.03070480243361151}, "Random Insert": {"mean": 0.01504971319084194, "std": 0.005263428117439101, "min": 0.007389679366585078, "max": 0.02761611865461333}, "Random Deletion": {"mean": 0.014537401800120841, "std": 0.006235200468454748, "min": -0.0004342719056313893, "max": 0.02222003744030654}, "Shuffle Within Segments": {"mean": 0.014272470921646652, "std": 0.0056293853314791096, "min": 0.007337435037946705, "max": 0.023822008506881764}, "Hyponym Replacement": {"mean": 0.014151539280177983, "std": 0.004706087980328492, "min": 0.0028625338048594573, "max": 0.021123929163228583}, "Mention Replacement": {"mean": 0.012392640978336233, "std": 0.007730429287300747, "min": -0.0018627108833338957, "max": 0.02498552782614738}, "Transformer Fill": {"mean": 0.012363168404448, "std": 0.005261667679003695, "min": 0.005575561358014736, "max": 0.02573181256472523}, "Auxiliary Negation Removal": {"mean": 0.011439706934335658, "std": 0.006540637555303954, "min": 0.0034293721749284467, "max": 0.024716126992711307}, "Sentence Reordering": {"mean": 0.010701441229246256, "std": 0.006833535833263764, "min": 0.0012276142551521652, "max": 0.019936739460717057}, "Uniform Oversampling": {"mean": 0.010487077321963545, "std": 0.0051001961935536015, "min": 0.004336152565222573, "max": 0.02216087216438767}, "Multi-Lingual Back-Translation": {"mean": 0.010047509953363643, "std": 0.007080509148773687, "min": 0.0025192259584145837, "max": 0.023654650857600323}, "Random Swap": {"mean": 0.009898404621838797, "std": 0.00516003403792442, "min": 0.002037205902328587, "max": 0.019478233998652228}, "Antonym Switch": {"mean": 0.009232458681254252, "std": 0.007425901169361038, "min": -0.005459837323630978, "max": 0.022626987075749172}, "Merge Documents": {"mean": 0.009227645049154132, "std": 0.004625877983250208, "min": 0.0013085173534042038, "max": 0.0186084079948291}, "Synonym Insertion": {"mean": 0.008090660619462176, "std": 0.007417046548378718, "min": -0.006007489076782724, "max": 0.018200723758974635}, "Back-Translation": {"mean": 0.006052872150248245, "std": 0.007845091639790597, "min": -0.007674354146601781, "max": 0.018236450119897607}, "Inverse Frequency Oversampling": {"mean": 0.003943027802337562, "std": 0.006600115714953695, "min": -0.00434791928863254, "max": 0.014230129026497118}, "Filler Words": {"mean": 0.003783459924393151, "std": 0.008937536285804331, "min": -0.005704174211484059, "max": 0.018713996025161772}, "Subsequence Substitution": {"mean": 0.0030453248625894715, "std": 0.005249104825141589, "min": -0.005558457495214775, "max": 0.010653471633553901}, "Even Antonym Substitute": {"mean": 0.0009305512261264526, "std": 0.005483640637849949, "min": -0.007878757644683043, "max": 0.010194034147276043}}