{"CatBoostRelationExtractionStep": 0.7442046021012845, "CrfMentionEstimatorStep": 0.6946136228346849}